date,time_slot,room_id,occupancy,fan_status,light_status,ac_status,projector_status,power_consumption_w,day_of_week,is_break_period,is_after_hours,wastage_label
02-02-2026,2:00 PM,Class1,1,1,1,0,0,460,Monday,0,0,0
02-02-2026,3:00 PM,Lab1,1,1,1,0,0,460,Monday,0,0,0
02-02-2026,4:30 PM,Lab2,0,1,1,0,0,460,Monday,0,1,1
02-02-2026,4:30 PM,Class3,0,1,1,0,0,460,Monday,0,1,1
02-02-2026,9:00 AM,Lab2,0,0,0,0,0,0,Monday,0,0,0
02-02-2026,12:30 PM,Lab1,1,0,1,0,0,160,Monday,0,0,0
03-02-2026,2:30 PM,Lab1,1,1,1,0,1,760,Tuesday,0,0,0
03-02-2026,3:30 PM,Lab1,1,1,1,0,1,760,Tuesday,0,0,0
04-02-2026,1:00 PM,Class3,1,1,1,0,1,760,Wednesday,1,0,0
04-02-2026,2:00 PM,Lab2,1,1,1,0,0,460,Wednesday,0,0,0
04-02-2026,9:30 AM,Class1,1,0,1,0,1,460,Wednesday,0,0,0
04-02-2026,10:30 AM,Class2,0,1,1,0,0,460,Wednesday,1,0,1
04-02-2026,11:30 AM,Class2,1,0,1,0,1,460,Wednesday,0,0,0
04-02-2026,12:30 PM,Lab1,0,0,0,0,0,0,Wednesday,0,0,0
05-02-2026,1:30 PM,Class2,0,1,1,0,0,460,Thursday,1,0,1
05-02-2026,3:30 PM,Lab1,0,1,1,0,0,460,Thursday,0,0,1
05-02-2026,4:00 PM,Class3,0,1,0,0,0,300,Thursday,0,1,1
05-02-2026,9:00 AM,Lab2,1,1,1,0,1,760,Thursday,0,0,0
05-02-2026,12:00 PM,Class3,1,1,1,0,1,760,Thursday,0,0,0
09-02-2026,1:00 PM,Class2,0,1,0,0,0,300,Monday,1,0,1
09-02-2026,2:30 PM,Lab2,0,1,1,0,0,460,Monday,0,0,1
09-02-2026,3:00 PM,Lab1,1,1,1,0,1,760,Monday,0,0,0
09-02-2026,4:00 PM,Class3,0,1,1,0,0,460,Monday,0,1,1
09-02-2026,4:30 PM,Class2,1,1,1,0,0,460,Monday,0,1,0
09-02-2026,8:30 AM,Class1,1,1,1,0,1,760,Monday,0,0,0
09-02-2026,9:00 AM,Class1,1,1,1,0,1,760,Monday,0,0,0
09-02-2026,10:30 AM,Class1,0,1,1,0,1,760,Monday,1,0,1
09-02-2026,11:30 AM,StaffRoom,1,1,0,0,0,225,Monday,0,0,0
10-02-2026,1:30 PM,Class3,0,0,0,0,1,300,Tuesday,1,0,1
10-02-2026,9:30 AM,Class1,0,1,1,0,0,460,Tuesday,0,0,1
10-02-2026,10:00 AM,Class1,1,1,1,0,1,760,Tuesday,0,0,0
10-02-2026,10:00 AM,StaffRoom,1,1,1,0,0,345,Tuesday,0,0,0
10-02-2026,10:45 AM,Class3,0,1,1,0,0,460,Tuesday,1,0,1
10-02-2026,11:30 AM,Lab1,0,0,1,0,0,160,Tuesday,0,0,1
10-02-2026,12:30 PM,StaffRoom,1,1,1,0,0,345,Tuesday,0,0,0
11-02-2026,9:30 AM,Lab2,1,1,1,0,1,760,Wednesday,0,0,0
11-02-2026,10:30 AM,Class1,1,1,1,0,1,760,Wednesday,1,0,0
11-02-2026,10:45 AM,Class1,0,0,0,0,0,0,Wednesday,1,0,0
11-02-2026,12:30 PM,Lab1,1,1,1,0,1,760,Wednesday,0,0,0
11-02-2026,12:30 PM,Class1,1,1,1,0,1,760,Wednesday,0,0,0
12-02-2026,4:00 PM,StaffRoom,1,1,1,0,0,345,Thursday,0,1,0
12-02-2026,10:30 AM,Class1,0,1,0,0,0,300,Thursday,1,0,1
12-02-2026,12:30 PM,Class1,1,1,1,0,1,760,Thursday,0,0,0
13-02-2026,1:00 PM,Lab1,0,0,1,0,1,460,Friday,1,0,1
13-02-2026,1:00 PM,Class1,0,1,0,0,1,600,Friday,1,0,1
13-02-2026,1:30 PM,Lab1,0,1,1,0,0,460,Friday,1,0,1
13-02-2026,1:30 PM,Class1,0,0,1,0,0,160,Friday,1,0,1
13-02-2026,1:30 PM,StaffRoom,1,1,1,0,0,345,Friday,1,0,0
16-02-2026,2:00 PM,StaffRoom,1,1,1,0,0,345,Monday,0,0,0
16-02-2026,9:30 AM,StaffRoom,1,1,1,0,0,345,Monday,0,0,0
16-02-2026,11:00 AM,Class3,1,1,1,0,1,760,Monday,0,0,0
17-02-2026,1:00 PM,Lab1,0,1,0,0,0,300,Tuesday,1,0,1
17-02-2026,4:00 PM,Lab1,0,0,0,0,1,300,Tuesday,0,1,1
17-02-2026,12:00 PM,StaffRoom,1,1,1,0,0,345,Tuesday,0,0,0
18-02-2026,3:00 PM,Class1,1,1,1,0,1,760,Wednesday,0,0,0
18-02-2026,4:30 PM,Lab1,0,1,0,0,1,600,Wednesday,0,1,1
18-02-2026,9:30 AM,StaffRoom,1,1,1,0,0,345,Wednesday,0,0,0
18-02-2026,10:45 AM,StaffRoom,0,1,0,0,0,225,Wednesday,1,0,1
18-02-2026,10:45 AM,Class1,1,1,1,0,1,760,Wednesday,1,0,0
18-02-2026,11:00 AM,Class1,1,1,1,0,1,760,Wednesday,0,0,0
18-02-2026,11:30 AM,Class1,1,1,1,0,0,460,Wednesday,0,0,0
19-02-2026,1:30 PM,Class1,0,1,0,0,0,300,Thursday,1,0,1
19-02-2026,3:00 PM,Lab2,0,0,1,0,0,160,Thursday,0,0,1
19-02-2026,4:00 PM,Lab2,0,0,1,0,0,160,Thursday,0,1,1
19-02-2026,9:00 AM,Class1,1,1,1,0,1,760,Thursday,0,0,0
19-02-2026,9:30 AM,StaffRoom,1,0,1,0,0,120,Thursday,0,0,0
19-02-2026,10:00 AM,Lab1,1,1,1,0,1,760,Thursday,0,0,0
19-02-2026,11:00 AM,Class3,1,1,1,0,1,760,Thursday,0,0,0
19-02-2026,12:00 PM,Lab2,1,1,1,0,1,760,Thursday,0,0,0
20-02-2026,2:30 PM,StaffRoom,1,1,0,0,0,225,Friday,0,0,0
20-02-2026,3:30 PM,Class2,1,1,1,0,1,760,Friday,0,0,0
20-02-2026,3:30 PM,Lab2,1,1,1,0,1,760,Friday,0,0,0
20-02-2026,4:00 PM,StaffRoom,1,1,1,0,0,345,Friday,0,1,0
21-02-2026,3:00 PM,Class3,1,1,1,0,1,760,Saturday,0,0,0
21-02-2026,4:00 PM,Lab2,0,1,1,0,0,460,Saturday,0,1,1
21-02-2026,4:30 PM,Lab1,0,0,1,0,0,160,Saturday,0,1,1
21-02-2026,9:00 AM,StaffRoom,1,1,1,0,0,345,Saturday,0,0,0
23-02-2026,1:30 PM,Lab2,0,1,1,0,0,460,Monday,1,0,1
23-02-2026,9:00 AM,StaffRoom,1,1,1,0,0,345,Monday,0,0,0
23-02-2026,11:00 AM,Class1,1,1,1,0,1,760,Monday,0,0,0
24-02-2026,1:00 PM,Lab1,0,1,1,0,0,460,Tuesday,1,0,1
24-02-2026,9:00 AM,Class2,1,1,1,0,1,760,Tuesday,0,0,0
24-02-2026,10:00 AM,Class3,1,1,1,0,1,760,Tuesday,0,0,0
25-02-2026,2:00 PM,Lab1,1,1,1,0,1,760,Wednesday,0,0,0
25-02-2026,8:30 AM,StaffRoom,1,1,1,0,0,345,Wednesday,0,0,0
25-02-2026,12:00 PM,Class2,1,1,1,0,1,760,Wednesday,0,0,0
25-02-2026,12:30 PM,Class3,0,1,0,0,0,300,Wednesday,0,0,1
26-02-2026,4:30 PM,Lab2,0,1,0,0,1,600,Thursday,0,1,1
26-02-2026,4:30 PM,Class1,0,0,1,0,0,160,Thursday,0,1,1
26-02-2026,8:30 AM,Lab1,0,0,0,0,0,0,Thursday,0,0,0
26-02-2026,12:30 PM,Lab2,0,1,1,0,0,460,Thursday,0,0,1
27-02-2026,1:30 PM,Class2,0,1,0,0,0,300,Friday,1,0,1
27-02-2026,4:00 PM,StaffRoom,1,1,1,0,0,345,Friday,0,1,0
27-02-2026,9:30 AM,Lab2,0,1,0,0,0,300,Friday,0,0,1
27-02-2026,10:30 AM,Lab2,0,1,1,0,0,460,Friday,1,0,1
27-02-2026,11:30 AM,Lab1,1,1,1,0,1,760,Friday,0,0,0
27-02-2026,12:00 PM,Class1,1,1,1,0,1,760,Friday,0,0,0
02-03-2026,1:00 PM,Class1,0,1,1,0,1,760,Monday,1,0,1
02-03-2026,2:00 PM,StaffRoom,1,1,1,0,0,345,Monday,0,0,0
02-03-2026,3:30 PM,Class3,1,1,1,0,0,460,Monday,0,0,0
03-03-2026,3:30 PM,Lab1,1,1,1,0,1,760,Tuesday,0,0,0
03-03-2026,4:30 PM,Lab2,0,1,1,0,1,760,Tuesday,0,1,1
03-03-2026,9:00 AM,Class2,1,1,1,0,0,460,Tuesday,0,0,0
03-03-2026,9:30 AM,Class3,1,1,1,0,1,760,Tuesday,0,0,0
03-03-2026,10:30 AM,Lab1,0,0,0,0,1,300,Tuesday,1,0,1
03-03-2026,10:45 AM,StaffRoom,0,1,1,0,0,345,Tuesday,1,0,1
04-03-2026,1:00 PM,Lab2,0,1,1,0,0,460,Wednesday,1,0,1
04-03-2026,4:30 PM,Lab1,0,1,1,0,0,460,Wednesday,0,1,1
04-03-2026,10:45 AM,StaffRoom,0,0,0,0,0,0,Wednesday,1,0,0
05-03-2026,3:30 PM,Lab1,0,0,1,0,0,160,Thursday,0,0,1
05-03-2026,4:00 PM,Lab1,0,0,0,0,0,0,Thursday,0,1,0
05-03-2026,4:30 PM,StaffRoom,1,1,1,0,0,345,Thursday,0,1,0
05-03-2026,12:30 PM,Class3,0,0,0,0,0,0,Thursday,0,0,0
06-03-2026,1:00 PM,StaffRoom,0,1,1,0,0,345,Friday,1,0,1
06-03-2026,4:30 PM,Class3,0,0,0,0,0,0,Friday,0,1,0
06-03-2026,11:00 AM,StaffRoom,1,1,1,0,0,345,Friday,0,0,0
07-03-2026,12:00 PM,Class1,1,1,1,0,1,760,Saturday,0,0,0
09-03-2026,1:00 PM,Lab1,0,1,1,0,1,760,Monday,1,0,1
09-03-2026,2:30 PM,Class1,1,1,1,0,1,760,Monday,0,0,0
09-03-2026,4:00 PM,Class2,1,1,1,0,0,460,Monday,0,1,0
10-03-2026,12:30 PM,StaffRoom,1,1,1,0,0,345,Tuesday,0,0,0
11-03-2026,4:00 PM,Lab2,0,1,0,0,0,300,Wednesday,0,1,1
11-03-2026,4:30 PM,Lab1,0,0,1,0,0,160,Wednesday,0,1,1
11-03-2026,4:30 PM,Class1,0,0,0,0,0,0,Wednesday,0,1,0
11-03-2026,8:30 AM,StaffRoom,1,0,1,0,0,120,Wednesday,0,0,0
11-03-2026,9:00 AM,Class3,1,0,1,0,1,460,Wednesday,0,0,0
11-03-2026,9:30 AM,Lab1,0,0,0,0,0,0,Wednesday,0,0,0
11-03-2026,10:00 AM,Lab2,0,1,0,0,0,300,Wednesday,0,0,1
11-03-2026,10:30 AM,StaffRoom,0,1,0,0,0,225,Wednesday,1,0,1
11-03-2026,11:30 AM,StaffRoom,1,1,0,0,0,225,Wednesday,0,0,0
11-03-2026,12:00 PM,Class3,1,0,1,0,0,160,Wednesday,0,0,0
11-03-2026,12:30 PM,StaffRoom,1,1,0,0,0,225,Wednesday,0,0,0
12-03-2026,9:00 AM,Lab2,1,1,1,0,1,760,Thursday,0,0,0
12-03-2026,11:30 AM,Class3,1,1,1,0,1,760,Thursday,0,0,0
13-03-2026,1:30 PM,Lab1,0,1,0,0,0,300,Friday,1,0,1
13-03-2026,3:00 PM,Class3,1,1,1,0,0,460,Friday,0,0,0
13-03-2026,3:30 PM,StaffRoom,1,1,1,0,0,345,Friday,0,0,0
13-03-2026,10:00 AM,Class1,1,1,1,0,1,760,Friday,0,0,0
13-03-2026,12:30 PM,Class1,0,1,0,0,0,300,Friday,0,0,1
16-03-2026,1:00 PM,Class3,0,1,1,0,0,460,Monday,1,0,1
16-03-2026,1:30 PM,Lab1,0,1,0,0,0,300,Monday,1,0,1
16-03-2026,3:30 PM,Lab2,1,1,1,0,0,460,Monday,0,0,0
16-03-2026,4:00 PM,StaffRoom,0,0,0,0,0,0,Monday,0,1,0
16-03-2026,10:30 AM,Lab1,0,0,1,0,1,460,Monday,1,0,1
16-03-2026,10:45 AM,Lab1,0,1,1,0,0,460,Monday,1,0,1
16-03-2026,10:45 AM,Lab2,0,0,1,0,1,460,Monday,1,0,1
16-03-2026,11:00 AM,Class1,0,1,0,0,0,300,Monday,0,0,1
16-03-2026,12:30 PM,StaffRoom,1,1,1,0,0,345,Monday,0,0,0
16-03-2026,12:30 PM,Class1,1,1,1,0,1,760,Monday,0,0,0
17-03-2026,2:00 PM,Class3,1,1,1,0,1,760,Tuesday,0,0,0
17-03-2026,3:00 PM,Class2,1,1,1,0,1,760,Tuesday,0,0,0
17-03-2026,10:45 AM,Lab2,0,0,1,0,0,160,Tuesday,1,0,1
17-03-2026,11:00 AM,StaffRoom,1,1,1,0,0,345,Tuesday,0,0,0
17-03-2026,12:00 PM,Class2,1,1,1,0,1,760,Tuesday,0,0,0
18-03-2026,3:30 PM,Class3,1,1,1,0,1,760,Wednesday,0,0,0
18-03-2026,4:30 PM,Class2,0,0,1,0,1,460,Wednesday,0,1,1
18-03-2026,4:30 PM,StaffRoom,1,0,1,0,0,120,Wednesday,0,1,0
18-03-2026,9:30 AM,Lab2,1,1,1,0,1,760,Wednesday,0,0,0
18-03-2026,10:30 AM,Lab1,0,1,1,0,0,460,Wednesday,1,0,1
19-03-2026,1:00 PM,Class2,1,1,1,0,0,460,Thursday,1,0,0
19-03-2026,3:30 PM,Class1,1,1,1,0,1,760,Thursday,0,0,0
19-03-2026,4:30 PM,Lab2,0,1,1,0,0,460,Thursday,0,1,1
20-03-2026,2:00 PM,Lab2,0,0,1,0,0,160,Friday,0,0,1
20-03-2026,3:00 PM,Class1,1,1,1,0,1,760,Friday,0,0,0
20-03-2026,4:00 PM,Class1,0,0,0,0,1,300,Friday,0,1,1
20-03-2026,11:00 AM,Lab1,1,0,1,0,1,460,Friday,0,0,0
21-03-2026,9:00 AM,Class3,1,1,1,0,1,760,Saturday,0,0,0
23-03-2026,2:00 PM,Class3,0,1,0,0,0,300,Monday,0,0,1
23-03-2026,9:00 AM,Class2,0,0,0,0,0,0,Monday,0,0,0
23-03-2026,10:00 AM,Class1,0,1,0,0,0,300,Monday,0,0,1
24-03-2026,1:00 PM,StaffRoom,0,1,1,0,0,345,Tuesday,1,0,1
24-03-2026,2:00 PM,Lab2,1,0,1,0,0,160,Tuesday,0,0,0
24-03-2026,3:00 PM,Lab2,0,0,0,0,0,0,Tuesday,0,0,0
25-03-2026,1:00 PM,Lab2,0,0,0,0,1,300,Wednesday,1,0,1
25-03-2026,1:00 PM,Lab1,0,1,1,0,0,460,Wednesday,1,0,1
25-03-2026,9:30 AM,Class3,1,1,1,0,1,760,Wednesday,0,0,0
26-03-2026,1:30 PM,StaffRoom,1,1,1,0,0,345,Thursday,1,0,0
26-03-2026,8:30 AM,Class3,1,1,1,0,0,460,Thursday,0,0,0
27-03-2026,9:00 AM,Lab1,0,0,1,0,0,160,Friday,0,0,1
27-03-2026,9:00 AM,StaffRoom,1,1,1,0,0,345,Friday,0,0,0
30-03-2026,3:00 PM,Lab1,1,1,1,0,0,460,Monday,0,0,0
30-03-2026,11:00 AM,Class2,1,1,1,0,1,760,Monday,0,0,0
30-03-2026,11:00 AM,Class3,1,1,1,0,0,460,Monday,0,0,0
30-03-2026,12:00 PM,StaffRoom,1,1,1,0,0,345,Monday,0,0,0
31-03-2026,1:00 PM,Lab1,0,0,0,0,1,300,Tuesday,1,0,1
31-03-2026,1:00 PM,Class1,0,0,1,0,0,160,Tuesday,1,0,1
31-03-2026,9:00 AM,Lab2,1,1,1,0,1,760,Tuesday,0,0,0
31-03-2026,9:30 AM,Lab1,0,0,0,0,0,0,Tuesday,0,0,0
31-03-2026,11:00 AM,Class3,1,1,1,0,1,760,Tuesday,0,0,0
31-03-2026,11:30 AM,Class3,1,1,1,0,0,460,Tuesday,0,0,0
31-03-2026,12:30 PM,Class3,1,1,1,0,1,760,Tuesday,0,0,0
01-04-2026,8:30 AM,Lab2,1,1,1,0,0,460,Wednesday,0,0,0
01-04-2026,10:00 AM,Class1,1,1,1,0,0,460,Wednesday,0,0,0
01-04-2026,10:45 AM,StaffRoom,1,1,1,0,0,345,Wednesday,1,0,0
02-04-2026,3:30 PM,Class3,1,1,1,0,0,460,Thursday,0,0,0
02-04-2026,4:00 PM,Class1,0,1,0,0,0,300,Thursday,0,1,1
02-04-2026,4:30 PM,Lab1,0,0,0,0,0,0,Thursday,0,1,0
02-04-2026,9:00 AM,Class3,0,0,0,0,0,0,Thursday,0,0,0
02-04-2026,10:30 AM,Class2,0,0,1,0,0,160,Thursday,1,0,1
03-04-2026,4:30 PM,Class1,0,1,0,0,0,300,Friday,0,1,1
03-04-2026,9:00 AM,Class2,1,1,1,0,0,460,Friday,0,0,0
03-04-2026,10:45 AM,Class1,0,1,0,0,0,300,Friday,1,0,1
04-04-2026,8:30 AM,Class3,1,1,1,0,1,760,Saturday,0,0,0
04-04-2026,9:30 AM,StaffRoom,1,1,1,0,0,345,Saturday,0,0,0
04-04-2026,9:30 AM,Class2,1,0,1,0,0,160,Saturday,0,0,0
04-04-2026,10:00 AM,Class3,1,1,1,0,1,760,Saturday,0,0,0
04-04-2026,10:45 AM,Class2,0,0,0,0,0,0,Saturday,1,0,0
04-04-2026,11:00 AM,Class3,1,1,1,0,1,760,Saturday,0,0,0
04-04-2026,12:30 PM,Class1,1,1,1,0,1,760,Saturday,0,0,0
06-04-2026,8:30 AM,Lab2,0,1,0,0,0,300,Monday,0,0,1
06-04-2026,11:30 AM,Lab1,1,0,0,0,1,300,Monday,0,0,0
07-04-2026,1:00 PM,Class2,0,1,0,0,0,300,Tuesday,1,0,1
07-04-2026,1:30 PM,Class1,1,1,1,0,1,760,Tuesday,1,0,0
07-04-2026,1:30 PM,StaffRoom,0,0,0,0,0,0,Tuesday,1,0,0
07-04-2026,3:30 PM,Class1,1,1,1,0,0,460,Tuesday,0,0,0
07-04-2026,4:00 PM,Class2,0,1,0,0,0,300,Tuesday,0,1,1
07-04-2026,4:30 PM,Lab1,0,1,0,0,0,300,Tuesday,0,1,1
07-04-2026,9:00 AM,Class3,1,1,1,0,1,760,Tuesday,0,0,0
07-04-2026,10:45 AM,Lab2,0,1,1,0,0,460,Tuesday,1,0,1
08-04-2026,2:30 PM,Class3,1,1,1,0,1,760,Wednesday,0,0,0
08-04-2026,11:30 AM,Lab2,1,0,1,0,1,460,Wednesday,0,0,0
08-04-2026,12:00 PM,Class1,1,1,1,0,1,760,Wednesday,0,0,0
09-04-2026,10:00 AM,Lab2,0,1,1,0,0,460,Thursday,0,0,1
09-04-2026,10:30 AM,Lab1,0,0,0,0,0,0,Thursday,1,0,0
09-04-2026,11:30 AM,Class2,1,0,1,0,1,460,Thursday,0,0,0
09-04-2026,12:30 PM,Class1,1,1,1,0,1,760,Thursday,0,0,0
10-04-2026,1:30 PM,Class1,1,1,1,0,0,460,Friday,1,0,0
10-04-2026,3:30 PM,Class1,0,0,1,0,0,160,Friday,0,0,1
10-04-2026,9:30 AM,StaffRoom,1,1,0,0,0,225,Friday,0,0,0
10-04-2026,10:00 AM,Lab2,1,1,1,0,0,460,Friday,0,0,0
13-04-2026,2:00 PM,Class1,1,1,1,0,0,460,Monday,0,0,0
13-04-2026,3:30 PM,Class3,1,1,1,0,0,460,Monday,0,0,0
13-04-2026,4:00 PM,Class2,0,0,0,0,0,0,Monday,0,1,0
13-04-2026,4:30 PM,Class1,0,0,0,0,0,0,Monday,0,1,0
13-04-2026,12:30 PM,Lab1,1,1,1,0,1,760,Monday,0,0,0
14-04-2026,1:30 PM,StaffRoom,0,1,1,0,0,345,Tuesday,1,0,1
14-04-2026,1:30 PM,Class3,0,0,0,0,0,0,Tuesday,1,0,0
14-04-2026,2:00 PM,Class2,1,1,1,0,1,760,Tuesday,0,0,0
14-04-2026,3:00 PM,Lab2,1,0,1,0,1,460,Tuesday,0,0,0
14-04-2026,3:30 PM,Class2,1,0,1,0,1,460,Tuesday,0,0,0
14-04-2026,9:30 AM,Lab2,0,0,0,0,0,0,Tuesday,0,0,0
14-04-2026,10:30 AM,Class1,0,1,1,0,0,460,Tuesday,1,0,1
14-04-2026,10:30 AM,StaffRoom,0,1,1,0,0,345,Tuesday,1,0,1
15-04-2026,1:00 PM,Class3,0,0,1,0,0,160,Wednesday,1,0,1
15-04-2026,2:00 PM,Class1,0,1,0,0,0,300,Wednesday,0,0,1
15-04-2026,4:00 PM,StaffRoom,0,1,1,0,0,345,Wednesday,0,1,1
15-04-2026,4:30 PM,Class1,0,1,1,0,0,460,Wednesday,0,1,1
15-04-2026,9:00 AM,StaffRoom,1,1,1,0,0,345,Wednesday,0,0,0
15-04-2026,9:00 AM,Lab2,1,1,1,0,1,760,Wednesday,0,0,0
15-04-2026,10:30 AM,StaffRoom,1,1,1,0,0,345,Wednesday,1,0,0
